Location_ID,PM2.5,CO2_Level,Noise_Level,Water_pH,Safe_Level
1,62.43561664,205.5398787,55.70234102,7.681757486,Unsafe
2,143.1000029,312.5702842,54.81872794,7.991703493,Unsafe
3,112.4791519,411.8837508,94.37527483,6.626169747,Unsafe
4,93.81218779,369.6674659,54.97277199,7.562185249,Unsafe
5,31.84260966,391.9683444,56.31698357,7.429364958,Unsafe
6,31.83923285,347.63501,85.56389575,8.082075942,Unsafe
7,18.1317057,357.6829694,66.98439055,8.265217651,Unsafe
8,131.2646604,404.7586955,86.60263342,6.030391929,Unsafe
9,94.15610164,224.9004027,43.92196945,7.685049798,Unsafe
10,109.1301609,296.8274891,69.25427162,6.129589498,Unsafe
11,12.8818292,216.3628325,42.01681601,7.372146663,Safe
12,145.7873793,446.3004024,43.75919221,6.719081823,Unsafe
13,126.5419697,433.2178019,94.3862472,6.766941499,Unsafe
14,39.72747549,161.8280434,48.35472227,6.882396259,Safe
15,35.45549541,361.6725518,71.94524094,7.553231123,Unsafe
16,35.67663138,427.5744952,64.66573616,6.835124914,Unsafe
17,52.59391401,204.1726035,60.84059958,7.831747626,Unsafe
18,83.46590043,320.3835692,93.99000074,7.011318464,Unsafe
19,70.47230261,424.6464893,41.30940381,6.170883001,Unsafe
20,50.77207963,160.1837936,79.82738117,7.959399606,Unsafe
21,95.65940526,359.2260802,97.80366605,6.714395811,Unsafe
22,29.52914049,239.2047022,73.61009101,7.081917199,Safe
23,50.90025079,427.3188586,96.20934772,7.713609708,Unsafe
24,61.29065806,441.3174735,43.13547276,6.831140393,Unsafe
25,73.84979779,433.2799467,65.12759914,6.14146414,Unsafe
26,119.9246346,292.264265,55.60946746,6.934802618,Unsafe
27,37.9543295,408.6127953,83.8492579,8.361121457,Unsafe
28,81.99282138,403.3648196,98.87782543,7.604335993,Unsafe
29,92.93803964,245.730142,55.39180375,7.678697872,Unsafe
30,16.50305778,398.6746422,79.25047609,7.580705384,Unsafe
31,95.05627927,161.1022904,51.88585797,6.497480347,Unsafe
32,33.87337732,328.8809635,73.91981527,7.04583466,Unsafe
33,19.10722302,219.0026512,67.8359492,7.877349496,Safe
34,142.8439752,186.1700657,98.32031978,6.253432244,Unsafe
35,145.1884846,173.0859605,76.51163636,6.69463194,Unsafe
36,123.1756287,358.8866328,60.97038233,6.690797771,Unsafe
37,52.64592768,251.9624891,46.84574709,7.080047319,Unsafe
38,23.67409596,367.4300315,49.07480972,8.450921852,Unsafe
39,105.7926237,169.6069022,53.5190158,6.168756367,Unsafe
40,71.62134912,244.5871013,55.05799968,7.296752486,Unsafe
41,27.08535288,311.8473877,91.03696347,6.448411705,Unsafe
42,79.32476742,387.2169495,73.6733673,8.426691364,Unsafe
43,14.81439296,245.6257509,71.40345468,6.283258762,Unsafe
44,137.3048563,337.7674129,46.88613231,7.009002506,Unsafe
45,46.22919742,415.7933245,91.6083816,7.844712462,Unsafe
46,102.7531198,334.7589565,83.36885819,7.76138607,Unsafe
47,53.63955065,219.8878424,44.06010171,7.056821592,Unsafe
48,82.80952296,157.3202345,82.47010583,6.86631042,Unsafe
49,86.53943911,411.0296622,72.61229304,6.994030946,Unsafe
50,35.87962377,156.3808233,44.90352074,6.660690658,Safe
51,145.7418479,412.4105018,67.49803849,6.513332347,Unsafe
52,118.5185953,308.6811402,69.08177723,7.207599244,Unsafe
53,141.5298518,431.7203096,49.94647241,6.67133439,Unsafe
54,135.2758291,389.6349707,96.74188882,6.718654162,Unsafe
55,93.70599703,449.3802332,90.99852229,7.641890159,Unsafe
56,139.0623929,255.2135446,80.14134024,8.421343329,Unsafe
57,22.38895029,380.1564867,67.73773366,7.509093001,Unsafe
58,37.43760074,270.5792741,64.7059325,6.192448668,Unsafe
59,16.33182045,293.9626861,79.05840803,6.188959035,Unsafe
60,55.54624631,338.251639,72.72591216,8.378558052,Unsafe
61,64.41482056,412.1031343,43.73638635,6.743226976,Unsafe
62,47.98886445,445.2250408,70.75015893,6.230167465,Unsafe
63,126.0232513,380.4820242,88.38421703,7.497611468,Unsafe
64,59.94546574,275.3300347,67.55439266,7.559121946,Unsafe
65,49.33083136,276.4071007,43.11739465,7.62126205,Safe
66,85.97745164,371.2746905,87.17669196,6.66850507,Unsafe
67,29.7293915,221.6331437,52.08182693,6.037776711,Unsafe
68,122.3075773,183.1422339,55.51725009,8.412538424,Unsafe
69,20.43709012,256.3866473,49.88238121,6.627232614,Safe
70,148.1641711,236.1716975,59.81290389,7.69006572,Unsafe
71,118.1142677,238.8924361,85.40509034,7.766574675,Unsafe
72,37.82019541,220.0823253,71.16315157,7.525018543,Safe
73,10.7730964,162.6279569,52.29287645,6.782268486,Safe
74,124.1646,155.3621804,92.66980469,6.677740634,Unsafe
75,108.9600281,446.3167169,92.7749113,7.494170707,Unsafe
76,112.0610035,278.3319401,92.2347055,8.165239084,Unsafe
77,117.9778485,265.2979941,54.32777268,8.366834322,Unsafe
78,20.36625124,353.8941848,67.07436065,6.264764511,Unsafe
79,60.185202,215.4761664,99.09937937,6.387071531,Unsafe
80,26.22166833,434.9883552,86.32074858,8.361840647,Unsafe
81,130.8344796,385.9035043,41.63004527,7.841338071,Unsafe
82,97.26173776,176.8233007,43.91227548,8.207484562,Unsafe
83,56.32572348,275.2742327,67.83588261,6.506581585,Unsafe
84,18.89816904,413.7354923,94.55321235,7.468964678,Unsafe
85,53.53752504,433.4196067,72.32210788,7.752848986,Unsafe
86,55.52566508,290.2204534,69.86875048,7.700279714,Unsafe
87,112.144865,334.0234168,46.328422,7.020379227,Unsafe
88,99.25804599,200.1101838,79.40680628,6.038487229,Unsafe
89,134.209784,447.3505878,89.32618964,7.457315142,Unsafe
90,76.11008952,219.5015104,62.82520045,6.632753848,Unsafe
91,26.74319443,432.8195322,86.53671106,7.125635615,Unsafe
92,109.8542702,344.8939947,97.86859923,8.393952538,Unsafe
93,116.5099068,332.3210385,52.22598755,6.997588294,Unsafe
94,88.57880766,303.8065533,71.39977787,8.099504017,Unsafe
95,117.9354052,219.2009435,57.22827749,6.471351514,Unsafe
96,79.13138349,202.9584096,87.57126514,7.681151245,Unsafe
97,83.18259611,216.1458627,74.65560195,8.442517386,Unsafe
98,69.85574257,205.9314786,78.07494505,6.254732752,Unsafe
99,13.55867774,383.8753421,87.87484958,6.020799856,Unsafe
100,25.10479978,255.0375778,63.75822836,7.083956982,Safe
101,14.400086,167.352803,94.9054041,6.231563708,Unsafe
102,99.09745758,440.730789,71.98173203,7.870960874,Unsafe
103,54.00983735,415.1357655,49.47728937,8.28637166,Unsafe
104,81.19989676,428.325685,81.75394709,7.085052432,Unsafe
105,137.0593063,448.4723468,87.59568103,6.646779105,Unsafe
106,44.90091208,202.1685748,59.00570062,7.086008298,Safe
107,67.45360922,268.8726057,91.43075542,7.808619545,Unsafe
108,115.7771594,377.4715427,94.36859529,6.022635404,Unsafe
109,42.03174317,358.8061854,56.61426924,7.473634974,Unsafe
110,20.77718738,196.1687719,99.01128836,7.533229212,Unsafe
111,50.56520341,394.7499375,48.44269168,7.594220617,Unsafe
112,32.57098022,217.3321716,52.1209401,6.6050552,Safe
113,140.1576713,217.1452844,51.05349035,7.785131808,Unsafe
114,123.1368531,311.0923269,93.6393826,6.228478716,Unsafe
115,98.67652591,327.8819805,79.25755314,6.498175841,Unsafe
116,132.0044826,324.0258624,49.12625699,8.193675117,Unsafe
117,122.5140908,177.4460512,66.4194051,7.846807877,Unsafe
118,36.11980824,413.2382588,76.9178815,6.034363885,Unsafe
119,134.9582598,229.6800128,45.0078451,6.620940651,Unsafe
120,85.50791387,188.8544764,92.9449821,6.536016207,Unsafe
121,123.0416217,416.624424,88.21621213,6.67701582,Unsafe
122,135.452782,436.6954495,70.31240641,6.618899426,Unsafe
123,54.5204865,408.6382852,98.02759692,6.156315739,Unsafe
124,25.40726943,392.8548224,65.06565876,7.147351291,Unsafe
125,41.91092276,346.5725942,99.04661914,7.831833687,Unsafe
126,69.79509041,315.2572112,80.07519993,7.516829312,Unsafe
127,124.5220672,176.096028,78.0802764,7.682179171,Unsafe
128,130.5022817,272.5359639,49.95729372,6.202872946,Unsafe
129,10.97329827,261.8065551,92.9156655,8.378726775,Unsafe
130,81.50462236,227.9261351,65.64938128,8.096229585,Unsafe
131,68.43754044,367.0260341,49.73400435,8.012725796,Unsafe
132,41.09509347,298.7627205,40.7564512,8.057459513,Safe
133,26.78115143,174.3138648,73.58534102,8.33177627,Safe
134,57.266124,216.0549606,71.64397733,7.360634915,Unsafe
135,142.0073585,354.9776291,83.16121734,6.500705045,Unsafe
136,55.24841048,172.8392578,93.41548318,7.54195902,Unsafe
137,82.63068704,405.3620742,44.76439508,7.857203734,Unsafe
138,108.4226542,298.5439581,83.88978942,7.844793483,Unsafe
139,60.90814433,294.1759732,51.24471665,7.30362256,Unsafe
140,146.0494916,327.7223354,91.49062319,6.171146798,Unsafe
141,144.7426213,397.4042898,89.14381083,6.927782346,Unsafe
142,45.24952142,254.3427624,72.4476253,8.301916521,Safe
143,79.61479082,353.4048458,82.61456792,7.461122274,Unsafe
144,52.12296337,319.7195892,58.86100679,7.345829858,Unsafe
145,49.87766921,230.1084811,68.27007394,6.672133786,Safe
146,15.16417263,413.5889959,89.29821386,6.9211223,Unsafe
147,95.33900676,389.2278065,67.55591183,8.238365223,Unsafe
148,80.37506325,347.5355504,61.46789592,7.666157619,Unsafe
149,17.20702517,405.1745187,69.65274684,7.968467567,Unsafe
150,49.01050499,410.1882603,89.69495515,7.135863558,Unsafe
151,137.157224,362.508893,60.11248284,7.575618049,Unsafe
152,43.53866469,401.1039985,50.42569559,6.620959022,Unsafe
153,30.28528209,359.2414385,82.72084122,7.763652076,Unsafe
154,78.52338644,354.0422315,89.55869276,7.069003334,Unsafe
155,147.9910636,335.5834135,46.03824871,7.106363787,Unsafe
156,43.88773801,375.8149919,54.39244677,7.623305811,Unsafe
157,104.0989766,197.5815316,48.51831939,8.340701554,Unsafe
158,116.6267461,414.2612278,60.87648469,6.160015867,Unsafe
159,43.26925616,411.5530583,67.02105873,8.061858093,Unsafe
160,111.9502888,158.7741849,84.92958022,6.730957776,Unsafe
161,61.48963858,397.7450252,79.06885509,7.109798636,Unsafe
162,98.52281628,188.6609602,77.25571405,6.054783322,Unsafe
163,98.69415951,250.5356563,61.1424968,6.752615195,Unsafe
164,85.00845577,373.0524769,90.48685319,7.256578107,Unsafe
165,22.64056781,198.2279688,68.27723004,6.140440193,Unsafe
166,126.9423494,395.3901072,98.74629628,7.227739323,Unsafe
167,54.9092091,399.6402534,78.0485283,8.317776572,Unsafe
168,36.11259146,302.2403201,47.57588449,6.263483045,Unsafe
169,15.70851982,151.9157615,80.57065372,7.91110182,Unsafe
170,92.72501205,236.11144,59.50624093,7.024177633,Unsafe
171,104.8590107,335.0780755,81.1796318,7.637934286,Unsafe
172,12.32229605,444.3558534,44.17846889,6.650591495,Unsafe
173,81.69302816,339.5440581,50.49288623,6.398730656,Unsafe
174,41.70940853,227.9410743,91.34423553,6.401156536,Unsafe
175,100.3241907,340.2017109,53.63077342,6.176229864,Unsafe
176,34.41130006,311.9956139,90.22246751,6.464116762,Unsafe
177,106.7312833,383.9536185,56.75656531,7.660548462,Unsafe
178,64.14294848,182.0941916,78.5729146,8.20422653,Unsafe
179,141.1421984,378.3083708,81.64903441,8.035314214,Unsafe
180,29.25293218,312.3799736,70.75928519,7.712835775,Unsafe
181,57.74928915,438.8976012,58.3186406,6.276079659,Unsafe
182,25.88629297,252.5616498,52.75866258,6.722968616,Safe
183,139.4571066,339.7865679,41.99136127,6.774517188,Unsafe
184,132.8275095,429.6084317,58.23678407,6.624892366,Unsafe
185,46.11182788,180.7529184,79.18976743,7.287514149,Unsafe
186,102.3977664,431.1685462,96.29828911,7.338884537,Unsafe
187,124.411108,356.3657167,92.27226894,6.892214938,Unsafe
188,87.72811362,170.3511177,85.96388659,6.884472897,Unsafe
189,84.15108097,240.2890701,87.3068406,8.071388995,Unsafe
190,43.85932073,362.4516266,79.89909421,7.973232121,Unsafe
191,23.03438749,170.2051804,55.61721145,6.769489579,Safe
192,135.6102061,324.6511381,94.43170184,8.28447111,Unsafe
193,136.058528,253.7649171,80.24393871,8.382037543,Unsafe
194,98.63420402,336.2746553,73.62643786,6.816856355,Unsafe
195,57.46417075,163.7226101,46.65936815,6.886062372,Unsafe
196,58.88934045,411.4610418,66.82333263,7.264085384,Unsafe
197,111.633795,442.0466908,67.62149627,8.352802031,Unsafe
198,135.5954364,440.6633566,91.87381657,8.190798583,Unsafe
199,134.1920994,374.8955495,72.79889321,6.256419906,Unsafe
200,119.1825764,189.025872,62.82403294,6.981826858,Unsafe
201,99.88443046,377.4789588,98.60801971,7.383427974,Unsafe
202,21.7795951,157.3760749,46.6432356,7.257831181,Safe
203,32.62801997,156.6370655,65.3529057,6.48465767,Unsafe
204,135.7975864,247.0830657,42.52148051,8.147041928,Unsafe
205,94.90006835,296.5929571,84.39424725,7.692351957,Unsafe
206,11.28758723,381.1222253,95.08459313,8.094770937,Unsafe
207,24.206016,354.988613,56.80223977,8.146910698,Unsafe
208,102.8902477,283.7708119,91.50050061,7.870889634,Unsafe
209,10.70862174,232.0879999,57.53309383,7.098026503,Safe
210,32.5131272,449.13735,94.6462097,7.526366888,Unsafe
211,86.82273051,277.8543907,85.23771422,6.400913515,Unsafe
212,106.8653277,285.4161073,88.29440661,7.684113544,Unsafe
213,101.2745763,199.0871464,41.08039334,6.448133139,Unsafe
214,41.39770332,388.4428646,97.76862142,7.734873976,Unsafe
215,109.705091,358.1046677,83.60025952,6.573995402,Unsafe
216,43.21487225,216.2308838,58.28506572,6.29387825,Unsafe
217,55.55595774,174.7143137,89.76367989,6.413211225,Unsafe
218,114.5087967,354.1497906,56.8912719,6.004980338,Unsafe
219,100.9486059,346.3533643,92.36523037,7.796849045,Unsafe
220,128.8912775,231.9778581,46.75482342,7.831002623,Unsafe
221,102.0658049,435.2590687,82.22115865,7.287333375,Unsafe
222,89.56320447,195.3173675,72.4419086,6.403407003,Unsafe
223,23.1144675,279.7004403,45.79206821,6.208885844,Unsafe
224,61.48021243,433.0847761,54.5136297,6.047822416,Unsafe
225,47.12833148,275.9181951,40.74424218,6.414370442,Unsafe
226,44.15855007,341.5577843,68.12607793,8.227138837,Unsafe
227,146.2214777,269.2783194,58.07591565,6.603842104,Unsafe
228,65.03368145,232.2645607,75.90144906,6.885678318,Unsafe
229,134.8865177,445.1932944,57.83426846,6.263363711,Unsafe
230,98.35940764,272.8002019,57.99514669,6.555903262,Unsafe
231,121.2735825,418.2297611,84.59159192,7.298061427,Unsafe
232,80.36919303,218.9863818,42.88857016,7.519381708,Unsafe
233,90.76654385,213.9314112,94.17369971,6.613380785,Unsafe
234,78.95247713,159.3402249,91.13583246,6.144330398,Unsafe
235,37.33401829,345.5000476,80.06828099,6.977582173,Unsafe
236,111.1432961,260.5579031,75.59329421,6.585508427,Unsafe
237,49.30813074,409.307475,93.53814989,6.548884808,Unsafe
238,13.4042353,291.962972,51.11981077,8.399657007,Safe
239,100.3661214,440.4580284,44.73814973,7.540751215,Unsafe
240,34.79549512,205.6576547,54.37061019,7.392196108,Safe
241,141.6642018,410.5869504,87.67469672,7.039437759,Unsafe
242,143.5500008,382.9790558,42.080216,7.072360834,Unsafe
243,138.0810146,381.2765534,74.96841011,7.35226251,Unsafe
244,61.82221804,403.4349684,99.72625097,7.741074518,Unsafe
245,12.16392631,378.3071973,91.34176563,7.75536524,Unsafe
246,139.9645988,337.8660965,71.28674134,6.429234769,Unsafe
247,69.94578076,189.3734633,43.81845456,7.25028188,Unsafe
248,145.3316747,159.7578538,89.88241086,7.029895238,Unsafe
249,144.9067968,426.2543543,75.93871049,8.176317416,Unsafe
250,129.4213238,334.9950944,46.89597982,7.578547303,Unsafe
251,51.22284489,388.9611873,45.63143709,7.331260166,Unsafe
252,63.913682,294.4567055,94.57760917,6.288486605,Unsafe
253,129.159134,185.1924567,80.15201578,7.514094723,Unsafe
254,54.36908072,187.5557377,89.75720796,6.293009764,Unsafe
255,33.72898454,355.6695862,92.73873402,6.843016439,Unsafe
256,87.95217674,279.0917685,74.30634112,6.357104912,Unsafe
257,141.0616684,210.157418,71.04678111,7.730184118,Unsafe
258,107.4441715,297.478364,65.82564462,6.515630285,Unsafe
259,89.80856381,169.2626811,59.01679527,6.979648433,Unsafe
260,23.60470913,324.5914206,66.07575765,8.239186944,Unsafe
261,96.10101174,230.6980213,86.43277934,6.510790958,Unsafe
262,148.607539,389.2677302,76.11540586,7.26951266,Unsafe
263,29.61176213,243.1085877,93.5513974,7.048179153,Unsafe
264,82.56615133,286.5660447,66.60280086,6.045310103,Unsafe
265,132.8322301,153.486162,76.42537472,7.981895284,Unsafe
266,113.7076065,171.7340663,77.87845319,6.172614766,Unsafe
267,107.5822037,267.7480669,75.50182974,7.185637552,Unsafe
268,108.3477718,293.9816504,82.15802639,7.401695737,Unsafe
269,60.32876117,330.0061644,54.2460081,7.571066142,Unsafe
270,51.1028582,237.4987736,70.74182665,7.721579073,Unsafe
271,123.3105618,358.4945658,46.25348817,6.633180959,Unsafe
272,123.4158753,408.0367192,63.07067966,6.024946942,Unsafe
273,131.3901246,383.9552967,69.26002412,7.808609156,Unsafe
274,137.8536774,161.8856476,79.13345557,7.339141498,Unsafe
275,81.58793584,294.1520842,97.03186316,8.090294258,Unsafe
276,80.21228126,181.4790535,76.03906399,8.053470907,Unsafe
277,121.7613251,222.6135048,84.61563497,8.108315419,Unsafe
278,100.9949503,445.998778,70.37596357,7.21273665,Unsafe
279,108.2753628,192.7486629,78.04624188,6.83407099,Unsafe
280,121.4109737,299.666446,44.25593297,7.978895506,Unsafe
281,134.6007479,335.4467203,55.26349485,7.128235283,Unsafe
282,57.31932196,360.7394912,61.71118559,6.458605491,Unsafe
283,62.58161337,317.894605,68.3496013,8.137435049,Unsafe
284,23.15747158,152.9312542,42.73892473,8.206399692,Safe
285,90.95921974,247.9383925,48.40144585,7.16577439,Unsafe
286,15.03191833,305.313493,56.60885847,6.189249318,Unsafe
287,75.18372254,176.3599497,98.29196145,6.969565225,Unsafe
288,85.97024886,255.1880794,59.88082043,8.008844149,Unsafe
289,50.1157753,159.9609326,68.92246349,8.254435071,Unsafe
290,92.71665648,173.5735491,51.76586276,6.508681856,Unsafe
291,14.27003499,269.0769829,76.64680426,6.16743403,Unsafe
292,15.22874642,189.8147262,56.84099293,8.193376133,Safe
293,125.1640785,320.2622545,52.41955471,6.973512347,Unsafe
294,60.4266898,356.8394907,70.99435771,7.354402411,Unsafe
295,27.78847177,390.1760097,40.33034795,8.42016453,Unsafe
296,83.11405641,210.0450733,40.45984196,6.16641182,Unsafe
297,117.7990974,200.2447747,53.14412855,7.620795019,Unsafe
298,40.21494385,181.3703521,42.20328175,6.185263556,Unsafe
299,97.20466661,340.9290749,46.48154525,6.938672321,Unsafe
300,21.9486451,361.9427179,60.33163896,8.009536363,Unsafe
301,17.23544096,159.4758434,88.15514077,7.083680582,Unsafe
302,84.38964842,430.8636739,74.3229186,8.492955885,Unsafe
303,85.68891703,165.5913851,70.76006356,7.397648212,Unsafe
304,99.24018621,312.3889006,57.60932939,6.802905382,Unsafe
305,111.6527867,362.7181558,95.90522317,6.550278315,Unsafe
306,146.6192911,411.2907371,63.82090247,6.876301336,Unsafe
307,82.28204876,364.2260796,45.22556601,6.931333184,Unsafe
308,55.21390621,390.5184249,77.02399097,6.171784194,Unsafe
309,121.3260673,251.8350578,46.83030361,6.923935499,Unsafe
310,47.91651518,394.4475341,60.71338857,7.160596299,Unsafe
311,71.4559989,174.0344539,70.44471632,7.806844381,Unsafe
312,20.98389339,418.4449968,92.45335148,7.641823712,Unsafe
313,13.54910408,314.2777128,69.61279482,7.771914138,Unsafe
314,144.7707781,395.189331,82.13552596,6.020909205,Unsafe
315,127.0372169,285.6954854,99.56901034,6.544168499,Unsafe
316,107.4363889,343.0733086,47.88934719,7.654210721,Unsafe
317,67.25341222,307.9207983,56.48389153,7.20997342,Unsafe
318,34.26120481,369.4768565,63.67456454,6.013283689,Unsafe
319,31.90118597,174.4889946,65.30969071,8.011236606,Safe
320,45.03400574,168.1056252,64.66126452,7.932023933,Safe
321,86.89173306,224.1309702,94.45666015,7.371047907,Unsafe
322,110.0434292,197.863404,82.84195867,6.166158314,Unsafe
323,102.4276327,411.53507,76.47431285,7.916287624,Unsafe
324,49.19074557,215.7641962,58.56236307,7.459283969,Safe
325,143.6811393,442.7595767,89.42742305,7.954899943,Unsafe
326,113.3055683,251.0687375,97.30363069,7.879367481,Unsafe
327,87.60956735,204.6353747,89.27189695,8.00750518,Unsafe
328,95.64090447,386.9095521,40.09390631,7.295020166,Unsafe
329,68.74400874,347.6123327,78.18408221,6.350811295,Unsafe
330,44.68233853,299.4587149,43.06812289,7.677893683,Safe
331,59.83617501,316.6090653,55.45643322,7.551184463,Unsafe
332,116.0984555,365.7605335,43.57148202,7.855632968,Unsafe
333,12.01508841,218.5364224,76.22772718,6.424702515,Unsafe
334,26.25016967,448.9001748,81.19539481,6.487438,Unsafe
335,16.44036988,442.4379486,46.86925828,8.226023793,Unsafe
336,15.70203232,345.0977059,63.03033298,7.874944496,Unsafe
337,129.7644818,209.8627353,67.37419054,8.270571222,Unsafe
338,108.5121003,354.0684727,62.14318131,7.896788303,Unsafe
339,76.38433607,171.6595227,47.26150003,7.492888265,Unsafe
340,23.69678249,159.1957507,65.13686741,7.635331843,Safe
341,78.82622252,227.3048666,85.07068287,8.22281981,Unsafe
342,76.28604791,288.786887,44.26045987,7.447016886,Unsafe
343,34.24826179,410.4817516,44.81080084,7.580978311,Unsafe
344,70.73923089,368.1507209,61.28627751,6.39119179,Unsafe
345,65.79066282,372.8119564,96.5035427,7.18480305,Unsafe
346,96.21901373,277.6480003,80.1143588,7.79099278,Unsafe
347,98.91311112,253.7804978,80.7201974,6.677356746,Unsafe
348,16.34256137,261.3116289,61.71519945,6.505635451,Safe
349,62.44576605,446.2948691,75.61964747,6.784567021,Unsafe
350,97.6203882,162.0327574,40.60787104,6.60375157,Unsafe
351,80.4390762,410.1094488,78.16576278,6.537281593,Unsafe
352,129.9085778,323.6026226,94.79721685,7.062127107,Unsafe
353,102.2171084,281.5846258,76.7544081,8.269596285,Unsafe
354,32.81081979,367.5772981,92.42191561,7.267649117,Unsafe
355,19.87962464,296.0006824,83.43838333,6.469800952,Unsafe
356,99.93869895,412.0269714,47.23350498,6.192429173,Unsafe
357,13.71158348,420.2105592,94.14719844,7.740390363,Unsafe
358,92.00858138,276.5162781,43.98663066,6.956996911,Unsafe
359,141.6322338,233.0483392,72.03804835,8.054577366,Unsafe
360,90.5663849,327.7050986,48.52822743,7.648776922,Unsafe
361,64.34378967,423.7090037,40.70239664,7.990603626,Unsafe
362,100.0603506,213.1986567,65.32205561,6.679865099,Unsafe
363,74.15540467,336.8899751,57.70244246,7.730897306,Unsafe
364,86.3863505,339.468066,69.16002963,6.660154962,Unsafe
365,141.8050732,369.9339067,74.6319932,8.347671199,Unsafe
366,64.05436929,189.4703055,42.62434434,7.590935704,Unsafe
367,144.5666789,364.7474894,47.38019771,6.8112795,Unsafe
368,136.7490899,422.7097562,73.51854379,6.673779656,Unsafe
369,37.41075887,203.9049327,60.59004119,6.477316463,Unsafe
370,19.71058212,221.2629975,83.75040925,7.736602397,Unsafe
371,24.10892019,441.4185282,79.13749892,6.546789032,Unsafe
372,12.55105559,204.2930858,90.73626178,7.488258165,Unsafe
373,23.22201451,406.315528,81.5495696,6.661587567,Unsafe
374,105.6209483,297.6833569,65.79586464,7.654922362,Unsafe
375,19.96641078,224.1693223,80.37799734,8.037349321,Unsafe
376,54.65658824,411.2249704,56.52287046,7.945063108,Unsafe
377,128.2825435,283.5915765,58.37880993,7.902128327,Unsafe
378,13.258071,304.4452062,87.3391096,6.469306014,Unsafe
379,124.0255876,257.7700108,66.78517098,6.220962367,Unsafe
380,49.45966847,327.8852554,87.90282043,7.747372071,Unsafe
381,26.54307587,199.0571618,89.34534242,6.920868034,Unsafe
382,107.5432032,267.324461,91.45374026,7.080865566,Unsafe
383,98.05199855,440.8236967,94.99811415,6.077872732,Unsafe
384,132.8460819,227.4400298,65.85911323,6.648941123,Unsafe
385,112.9099461,347.0209994,59.1320091,6.08419101,Unsafe
386,122.4873303,247.5570193,74.9319248,8.197964432,Unsafe
387,49.48484016,382.0419377,62.27034541,6.608491708,Unsafe
388,34.84153613,189.2620982,76.06445001,7.393342924,Unsafe
389,115.0860652,440.9463135,82.33515176,6.097448302,Unsafe
390,122.9568635,286.1368624,81.30430111,7.667118478,Unsafe
391,148.6707199,220.815139,62.47317322,6.807568364,Unsafe
392,67.76647477,172.0490242,50.0116121,8.244797967,Unsafe
393,62.08253201,200.9273715,65.83176031,8.220295472,Unsafe
394,118.6978145,305.9321846,48.55564864,6.813226546,Unsafe
395,57.71249564,251.1009529,93.40582211,8.252402239,Unsafe
396,140.3060256,398.6650098,60.75264764,8.490394184,Unsafe
397,130.1777853,279.2662571,49.26758483,8.06353916,Unsafe
398,70.05916383,224.6142818,41.52686559,8.112178369,Unsafe
399,115.1219495,335.143496,78.74934318,6.62252184,Unsafe
400,115.6360024,362.0331651,78.21413905,7.441755997,Unsafe
401,24.43734164,200.1125724,60.43624999,6.168139785,Unsafe
402,136.3574069,200.2857649,44.30271333,6.237294842,Unsafe
403,80.73533214,161.0014281,64.57773369,8.49723153,Unsafe
404,125.7040453,370.9206045,58.6730497,6.816598124,Unsafe
405,54.80694414,349.1413583,80.62723838,7.87045978,Unsafe
406,135.373252,292.3892627,76.34675497,8.016662633,Unsafe
407,64.48823502,403.2511347,61.87562369,8.145058178,Unsafe
408,11.51727121,391.7010459,53.07355326,8.494070744,Unsafe
409,136.7534767,325.6063093,99.28215797,6.603741213,Unsafe
410,22.78013475,410.4813842,67.24009727,6.100877067,Unsafe
411,54.70390926,211.752363,81.29645415,7.027978795,Unsafe
412,143.0086754,183.5758858,48.43317805,6.325201675,Unsafe
413,143.0850006,230.9248835,69.13538198,6.056064723,Unsafe
414,90.28130434,167.1260568,41.65220319,6.901067068,Unsafe
415,98.4572097,309.3508584,70.32730707,7.959345628,Unsafe
416,72.78237308,430.9817077,97.84104443,7.415451728,Unsafe
417,51.04950804,161.8030622,63.05240278,6.781944973,Unsafe
418,56.01303635,186.6329742,42.33976075,7.635855014,Unsafe
419,104.1525839,285.6597085,41.85734746,6.580045451,Unsafe
420,115.3324341,430.1625053,63.2792056,6.035953615,Unsafe
421,120.8210661,244.8468315,49.60149619,7.910883466,Unsafe
422,120.54654,302.1704426,41.40112578,7.559357712,Unsafe
423,22.76885443,162.4718577,85.37281684,7.905756561,Unsafe
424,79.21884266,194.5029603,67.51138053,6.097345042,Unsafe
425,18.0582264,445.9890369,57.35468632,8.09279907,Unsafe
426,86.93404353,439.5356089,94.00499098,7.5488155,Unsafe
427,71.81427019,151.4819943,46.96833761,7.408488377,Unsafe
428,134.2785856,435.5435356,97.35512974,7.56153512,Unsafe
429,59.12810176,341.7359813,58.83800304,8.161083117,Unsafe
430,26.3893823,410.3754884,93.30422034,7.467341266,Unsafe
431,30.01883549,286.4219567,76.17657259,7.45237595,Unsafe
432,116.6114884,304.6788086,89.60244158,8.476697893,Unsafe
433,96.55052886,296.6539741,99.04078979,7.891825418,Unsafe
434,24.15717466,350.0592773,57.30432627,7.105734514,Unsafe
435,21.77495286,191.8953764,97.66812912,7.7684925,Unsafe
436,108.1356784,158.992077,63.36891369,6.973076179,Unsafe
437,20.18682089,242.3789825,63.13071428,6.572188656,Safe
438,125.0604083,361.4042288,60.42322626,7.492129692,Unsafe
439,108.8739118,210.5560356,72.48445644,8.320455245,Unsafe
440,21.38882929,352.02973,49.24870259,8.3228488,Unsafe
441,21.87727997,440.9736138,73.22268912,6.854763195,Unsafe
442,148.129541,178.1702147,72.50228874,7.319193666,Unsafe
443,62.39791141,351.7806355,85.71410876,6.529089746,Unsafe
444,61.88990059,283.1250658,90.01899772,8.489077774,Unsafe
445,123.7919394,410.4426763,66.42648102,8.45279477,Unsafe
446,142.6148008,203.1449368,58.13999496,7.623772324,Unsafe
447,148.0401489,357.7877857,55.56009384,8.011035149,Unsafe
448,115.4729459,401.4345869,51.6774302,7.787750403,Unsafe
449,62.67634197,433.3842658,43.45885493,7.482895548,Unsafe
450,21.69010034,354.9744085,60.54687873,6.133369992,Unsafe
451,118.8005682,299.1524292,56.21486153,7.136910856,Unsafe
452,88.17659496,335.3541721,97.98504315,7.686965755,Unsafe
453,69.39108129,410.6714953,73.46252958,7.693829035,Unsafe
454,136.8896139,321.182924,60.83662234,6.932806546,Unsafe
455,25.56764752,159.1161179,74.82805606,8.354229967,Safe
456,78.9675146,429.2846087,48.35180208,6.418392581,Unsafe
457,11.58951027,356.8580253,66.64262495,7.250898616,Unsafe
458,75.61248988,352.9540157,77.57405929,7.727209941,Unsafe
459,17.8824586,214.7025457,69.33386991,7.742839515,Safe
460,26.63450828,347.6656411,64.10672804,7.621597392,Unsafe
461,26.45367455,268.1593217,99.63090333,6.688220534,Unsafe
462,100.8894423,345.3698931,92.81888573,6.390516422,Unsafe
463,114.4462831,181.9779091,77.40435749,7.589850817,Unsafe
464,91.67162711,347.3535914,74.16264167,7.49825529,Unsafe
465,144.7041568,449.8241177,77.23962879,6.448390026,Unsafe
466,62.48188113,164.4636117,52.07872647,7.762847864,Unsafe
467,49.99969208,443.1522553,63.7082646,7.137929979,Unsafe
468,131.6038779,272.0723882,42.36757197,7.669401479,Unsafe
469,41.30341739,411.2260351,68.53276225,8.093417699,Unsafe
470,144.8511555,384.7156452,72.58147504,6.424321071,Unsafe
471,11.70162646,320.1048783,53.66498417,6.04786217,Unsafe
472,145.7830357,371.5347628,97.84173083,7.947756466,Unsafe
473,16.04238767,413.5546684,94.56727666,7.524243563,Unsafe
474,134.7600359,271.2420965,83.32859413,7.749098924,Unsafe
475,83.87815527,248.1099485,72.00319773,8.095387437,Unsafe
476,149.0150715,350.2780157,92.19814958,8.007027337,Unsafe
477,20.33151906,392.3537826,47.83914063,8.402300367,Unsafe
478,87.53959982,378.6855404,87.43058766,7.339837697,Unsafe
479,145.702355,389.3440947,47.48924884,7.221239082,Unsafe
480,83.23369818,280.6749944,87.65263975,7.004718,Unsafe
481,98.11580934,395.3502649,56.5460541,6.384227607,Unsafe
482,107.4048165,186.0627166,92.62543486,7.431518082,Unsafe
483,73.63574907,313.3467294,96.64252563,6.692531311,Unsafe
484,97.85813121,151.7275981,48.92775816,8.303268781,Unsafe
485,91.80400367,247.375749,67.7605363,7.457977011,Unsafe
486,136.1621215,259.9384605,98.85924269,7.482100451,Unsafe
487,16.36249325,268.8518075,69.00444616,6.887311652,Safe
488,49.33484654,358.640162,91.81285135,6.12997338,Unsafe
489,143.0576078,266.5674304,75.32389133,6.079359413,Unsafe
490,134.6369297,284.6080868,62.51979448,7.05833786,Unsafe
491,73.79194539,221.2632393,57.14701333,6.211413445,Unsafe
492,96.81856369,261.9755375,52.19338547,7.517117389,Unsafe
493,48.83336562,218.1808882,85.70789148,8.202432514,Unsafe
494,36.33696236,171.9587771,63.19243041,8.207287041,Safe
495,74.91777669,331.034578,70.67652773,7.647613525,Unsafe
496,59.46931192,350.4638396,69.5395288,6.528079579,Unsafe
497,91.71185566,335.8471038,74.63674175,8.157492078,Unsafe
498,20.88284918,289.0482131,91.93462874,8.215233588,Unsafe
499,146.4152731,263.9357341,98.84436062,6.491633962,Unsafe
500,148.0695042,409.0000949,64.45505251,7.843565214,Unsafe
501,107.74264,305.7245355,89.65113533,6.716298872,Unsafe
502,85.05349129,293.7545633,85.87166768,8.006600781,Unsafe
503,53.33386628,157.6926197,74.41173709,8.49309475,Unsafe
504,123.9313028,252.3743483,97.36282862,6.075065013,Unsafe
505,105.8623642,264.0586856,52.02847093,8.243414664,Unsafe
506,32.76637151,269.6468343,46.55585262,7.556576334,Safe
507,137.5298058,324.0517108,91.23771802,8.433456548,Unsafe
508,125.155214,310.080764,66.348989,7.162523794,Unsafe
509,142.9719879,332.3715278,90.81813125,8.118469826,Unsafe
510,111.6007312,379.4649785,93.58541231,6.155985171,Unsafe
511,95.87812743,393.8957216,43.74745562,6.838197625,Unsafe
512,68.55402508,365.4369229,93.00788578,6.167541344,Unsafe
513,140.5819877,436.6571088,66.89914332,8.438357834,Unsafe
514,131.2489445,155.4697748,70.62594934,8.042434768,Unsafe
515,16.33061381,208.7333957,77.59555067,8.131368553,Unsafe
516,13.69137643,152.2688625,95.5829564,8.344913079,Unsafe
517,62.70487136,344.2424142,41.14696567,6.212758715,Unsafe
518,123.4774663,419.4091647,68.6106081,6.963993981,Unsafe
519,148.2186581,223.044689,81.26332255,6.177587223,Unsafe
520,31.05836475,428.1103634,83.36241746,6.526982754,Unsafe
521,93.17830015,168.0802171,81.55194589,6.573414443,Unsafe
522,63.32471993,430.330808,48.06610776,7.172768028,Unsafe
523,145.7880157,255.4868062,57.9637353,6.671405419,Unsafe
524,127.8966492,180.4262485,61.52293153,6.252445267,Unsafe
525,127.3660187,295.7615278,88.26623246,6.418727723,Unsafe
526,75.61704237,227.0329703,56.72559234,6.368188909,Unsafe
527,68.07473033,235.4618706,52.64229783,8.432691995,Unsafe
528,48.27699007,242.1869895,97.44688114,7.898231267,Unsafe
529,17.89256953,390.9077693,40.53179711,8.419403663,Unsafe
530,131.0611327,311.748383,99.86925134,7.099351216,Unsafe
531,123.8061413,243.3923097,80.60927793,6.695921204,Unsafe
532,149.9604743,333.100135,89.70815797,7.995732993,Unsafe
533,149.5291572,364.8452023,57.67716378,6.815634795,Unsafe
534,87.76043878,231.7872002,40.85891666,6.748458434,Unsafe
535,117.6582381,274.0647305,84.27217111,6.581264981,Unsafe
536,142.2672022,186.565828,90.04867582,6.324197446,Unsafe
537,128.9506347,204.3448049,84.42856792,6.641157653,Unsafe
538,44.62873424,354.3353562,48.57101724,6.888299371,Unsafe
539,73.07617894,204.4315043,85.20567534,7.68498552,Unsafe
540,28.08231812,307.5490151,86.13536693,6.156412106,Unsafe
541,143.5671438,362.7138785,79.51243094,6.526267349,Unsafe
542,94.86444882,182.0630769,85.96695597,8.022559101,Unsafe
543,42.00999277,320.1936659,90.75528638,6.367304809,Unsafe
544,104.0380958,226.9688351,76.81624685,6.856612866,Unsafe
545,96.53795366,438.8780626,45.31628284,8.161647305,Unsafe
546,60.14278052,295.063694,69.25766858,6.387313278,Unsafe
547,25.89806291,391.7977649,44.65896008,6.206842089,Unsafe
548,104.0202474,315.0679626,64.45258186,7.211344988,Unsafe
549,82.84307813,163.0237599,64.42638935,6.756048778,Unsafe
550,118.1245748,339.9454127,43.96059065,7.408520911,Unsafe
551,82.82289016,435.4210027,60.92923204,8.009512226,Unsafe
552,129.30541,330.483546,46.65988593,6.34287122,Unsafe
553,87.26695743,395.7566578,88.4941126,7.451747711,Unsafe
554,88.53131601,415.261939,96.86128156,7.263771901,Unsafe
555,132.7315044,218.4239316,44.33898852,6.360196965,Unsafe
556,66.48760127,213.613452,97.30691244,7.559996214,Unsafe
557,28.76213198,333.2942967,71.35459596,6.684101045,Unsafe
558,14.02957468,273.3085409,57.97394068,7.219585796,Safe
559,115.7192158,401.9583909,44.61172452,6.205680811,Unsafe
560,96.84333719,420.006937,70.03745608,7.148960143,Unsafe
561,108.5711675,256.0264138,87.67093267,6.76615867,Unsafe
562,39.81498261,221.0611677,82.42518864,8.055953028,Unsafe
563,29.09200658,384.1576546,43.01356069,6.142446817,Unsafe
564,12.03625319,232.4418107,44.37411012,7.046518187,Safe
565,59.08225823,396.7842956,64.17239696,7.14607856,Unsafe
566,92.58847616,277.1214761,57.71742964,7.812515191,Unsafe
567,64.91416631,350.2649698,53.94305938,7.435718938,Unsafe
568,71.24648908,178.6605942,56.86026993,7.668030843,Unsafe
569,136.5822172,337.1577974,88.2089646,7.942623214,Unsafe
570,58.75576538,285.5303036,95.75368322,8.155507434,Unsafe
571,81.95852848,325.982539,64.30616167,6.784688742,Unsafe
572,119.7114218,200.4042623,94.36666013,7.345056763,Unsafe
573,65.51598952,371.0621235,59.28974207,8.100270196,Unsafe
574,97.09213803,408.8391233,68.58621918,8.473627827,Unsafe
575,130.7309192,215.02194,53.56173987,8.223798278,Unsafe
576,142.9328873,178.7143667,78.42856253,6.928668157,Unsafe
577,30.59028733,157.0915758,98.73886691,6.487916293,Unsafe
578,139.7222675,342.5914501,76.20958576,7.223481344,Unsafe
579,78.89628103,332.1282108,61.46884505,7.85410363,Unsafe
580,46.15421436,314.0092238,78.86904676,7.231422677,Unsafe
581,74.27900587,219.5841288,47.37524071,7.207952158,Unsafe
582,147.2045605,267.2717988,93.31954482,8.095576053,Unsafe
583,78.96653316,328.3429006,70.18503705,6.903509448,Unsafe
584,56.02522544,299.0300577,66.96098452,8.149486687,Unsafe
585,98.6761196,446.3356561,75.15188731,7.017012002,Unsafe
586,43.62038663,190.9319258,77.48703177,6.820582764,Unsafe
587,20.62086594,358.5433662,44.30654837,7.134974778,Unsafe
588,28.04316107,271.2956304,80.95703327,7.906117397,Unsafe
589,27.92641745,278.4598845,54.51590082,6.31500507,Unsafe
590,31.26637709,365.2793297,82.83715795,6.49104804,Unsafe
591,29.43580417,357.7308454,89.35208766,8.378612064,Unsafe
592,99.72246427,447.3767981,88.23751045,6.438729068,Unsafe
593,35.46321182,188.5182868,73.15005804,7.419318295,Safe
594,58.39341967,181.2328948,71.21019354,7.448286167,Unsafe
595,135.5503774,367.3016451,48.57255768,7.224061155,Unsafe
596,76.35462964,323.5160751,86.52076902,7.611863121,Unsafe
597,103.4580834,232.2482,56.28456283,6.574566814,Unsafe
598,34.12478197,173.8258107,69.80172537,7.381655669,Safe
599,36.92046263,175.6974749,57.05644558,6.930433138,Safe
600,15.72160628,418.2572624,48.02970178,7.654168149,Unsafe
601,33.65090883,207.5601974,77.77346181,6.353058858,Unsafe
602,49.00264746,247.0114686,43.25992209,7.427193542,Safe
603,34.7814678,217.9969207,84.91871405,6.463175888,Unsafe
604,22.41835473,256.4988917,59.05520772,6.696607658,Safe
605,26.88902195,170.8271528,40.00808158,6.546774501,Safe
606,74.50902752,305.7179373,70.66774835,6.45709445,Unsafe
607,38.88672058,170.2837691,42.81111451,8.064277379,Safe
608,60.99778055,390.1069523,56.57017347,6.714268919,Unsafe
609,80.47841792,220.1136246,82.41858925,8.317809455,Unsafe
610,106.655276,312.0035744,43.7613773,8.424816313,Unsafe
611,15.50369958,414.0237263,90.36030954,7.428151175,Unsafe
612,121.9174558,345.2632107,40.22919536,6.357502807,Unsafe
613,97.90605453,309.887336,54.80943215,6.936370608,Unsafe
614,21.44626447,247.3001259,84.45424337,7.994330658,Unsafe
615,132.3010074,249.9005739,58.97620898,6.918476822,Unsafe
616,138.9221361,350.8460866,46.11354328,6.217543046,Unsafe
617,18.55091438,448.2418084,61.61403513,7.391962277,Unsafe
618,48.76287074,348.551757,56.22359718,8.112802129,Unsafe
619,122.8681792,317.3350252,90.56271413,7.989815968,Unsafe
620,114.7563567,369.1951531,58.80087506,6.43780785,Unsafe
621,35.83294271,289.5616837,87.33594831,7.681911536,Unsafe
622,39.30890527,168.0427028,93.51232869,6.551260659,Unsafe
623,61.86609439,318.6890448,66.02904517,6.545518836,Unsafe
624,77.83321793,437.2875854,94.59658863,8.185179433,Unsafe
625,96.55566801,202.5908827,62.63908324,6.624172382,Unsafe
626,61.64790954,357.0014672,97.84470499,6.658118366,Unsafe
627,74.75486026,210.2801066,45.35737147,6.001633477,Unsafe
628,114.6459313,310.7483053,81.22115599,8.176672585,Unsafe
629,15.1356484,179.0029349,69.62884243,7.981487033,Safe
630,45.34117221,285.1112809,63.25892833,7.568322338,Safe
631,109.868942,376.8489987,77.96271272,7.87566441,Unsafe
632,135.3289573,254.2714573,82.2314255,6.380121419,Unsafe
633,81.6348419,349.4735173,40.26179618,7.145808986,Unsafe
634,84.49588794,388.6349882,50.01718532,6.878048468,Unsafe
635,25.00408159,428.1533458,82.78276304,6.234441316,Unsafe
636,72.63773136,220.3926246,79.98312481,7.215326213,Unsafe
637,84.5664173,269.7947747,97.96285031,8.301849126,Unsafe
638,43.94587051,195.724804,85.66226742,6.100147798,Unsafe
639,47.69405233,447.7450506,97.04636246,6.728652284,Unsafe
640,62.81978283,428.1002904,82.15243009,6.518852341,Unsafe
641,12.80996769,311.9871391,57.88313252,6.595366634,Unsafe
642,55.09108318,402.6099883,46.32189534,8.27108638,Unsafe
643,39.60272098,306.2873932,86.9094318,7.170172636,Unsafe
644,55.8496293,337.0757064,78.64895329,7.165748532,Unsafe
645,26.76669845,176.7373296,42.89116074,7.901439106,Safe
646,134.6738193,376.5811261,61.60302795,6.38623051,Unsafe
647,93.1029435,188.3140451,97.40798893,7.218163385,Unsafe
648,105.0743247,397.8202891,70.02406874,7.074963035,Unsafe
649,120.4839734,384.6084263,65.96374816,7.492276726,Unsafe
650,79.78190785,362.6234093,67.46197631,8.498894258,Unsafe
651,22.16884033,160.8481142,52.53296344,7.923622235,Safe
652,85.19491585,240.9385068,62.12243025,6.994664258,Unsafe
653,92.15775652,228.933771,62.18879536,8.068882631,Unsafe
654,114.3615264,258.0409222,43.14130121,6.426770908,Unsafe
655,70.43233647,176.292824,86.05405771,6.076159216,Unsafe
656,27.86124239,431.0873469,64.99026591,6.511120931,Unsafe
657,49.72862681,316.1406722,89.33079321,6.85102889,Unsafe
658,60.8315215,241.6572932,91.02088007,7.276451894,Unsafe
659,100.4284138,269.0944551,52.71964328,7.537822851,Unsafe
660,89.90896265,284.1607622,79.44120893,8.276514293,Unsafe
661,59.85354163,330.1783,68.33690825,7.274635024,Unsafe
662,148.1121348,304.7038283,92.80940428,7.253189112,Unsafe
663,94.80847471,425.817592,52.94444075,6.125607525,Unsafe
664,43.21175084,299.0890449,80.66879202,6.087278882,Unsafe
665,24.24954617,447.6474044,76.46512734,7.377899905,Unsafe
666,31.40027949,405.4274873,57.71808865,7.095446533,Unsafe
667,44.43408197,212.5531543,48.19605422,8.097950987,Safe
668,32.49539226,429.1785644,79.09838563,6.401698962,Unsafe
669,36.11938337,184.9099194,84.31584749,6.062429155,Unsafe
670,49.91332362,395.2349125,58.93764063,7.12259692,Unsafe
671,34.27230334,264.186988,78.68995624,6.593696392,Unsafe
672,135.5471594,413.3922961,63.70785446,6.124035933,Unsafe
673,21.23272439,410.417007,82.792413,7.811495717,Unsafe
674,83.43159454,391.77762,51.95291649,6.2789825,Unsafe
675,67.45555578,387.0091309,93.41290016,7.52079875,Unsafe
676,147.5330064,241.4037417,57.24457579,6.702624375,Unsafe
677,25.6854463,174.2757849,62.06715927,6.433740126,Unsafe
678,65.69978387,270.8940536,43.48551712,6.949378807,Unsafe
679,145.7258607,202.0573545,46.69073274,8.003614441,Unsafe
680,131.1709976,358.4853267,70.95171416,6.980233942,Unsafe
681,124.3900899,253.829918,56.0555606,7.876924123,Unsafe
682,46.10639579,442.6830603,90.12881354,6.313715742,Unsafe
683,33.92426223,342.2916232,40.88160332,7.931928549,Unsafe
684,103.6100508,396.7441691,62.74564292,6.592333312,Unsafe
685,140.1126385,189.7574018,60.24073281,7.693482825,Unsafe
686,87.94680502,408.6043447,41.15965786,7.414453887,Unsafe
687,90.02577653,426.8271572,47.46210394,8.322861793,Unsafe
688,49.19707311,296.1185756,64.8185605,6.968306295,Safe
689,117.7290106,331.8758813,69.57187507,6.165412972,Unsafe
690,36.1861248,379.4429403,64.25738484,6.047888714,Unsafe
691,55.3150931,202.4515882,71.8562607,8.067146402,Unsafe
692,69.56110141,300.7698229,75.70790049,7.311839094,Unsafe
693,81.06545302,269.5989083,40.59542927,7.93811013,Unsafe
694,43.93736254,193.9121976,67.84570957,6.586064,Safe
695,26.07715546,260.2603267,97.80995445,6.862709364,Unsafe
696,95.48680594,170.4516928,71.14193681,6.075259681,Unsafe
697,50.40827745,157.7435721,80.65253605,8.403730811,Unsafe
698,91.373351,190.5498867,58.71183148,7.669669767,Unsafe
699,31.61078014,438.9345335,86.43948269,8.333012719,Unsafe
700,77.35961426,314.8588608,86.37528891,6.663741019,Unsafe
701,84.56252056,439.7466483,71.27776286,7.528659028,Unsafe
702,17.25529516,279.7493635,98.5608294,7.696249921,Unsafe
703,57.12459895,243.5448399,47.53301289,6.793874251,Unsafe
704,28.81805477,301.8425589,41.01685989,8.120273088,Unsafe
705,18.87249587,281.8535066,86.20949271,8.367903657,Unsafe
706,148.5944325,181.6994053,88.42933224,8.212137794,Unsafe
707,55.1295383,342.2478944,47.21243375,7.84766744,Unsafe
708,123.3824224,214.8114548,55.93496998,6.693661699,Unsafe
709,45.64969167,335.8763865,41.0531418,6.704040105,Unsafe
710,105.4103811,345.0603277,57.59851665,8.408400801,Unsafe
711,116.4319004,195.6074559,86.38851244,6.02571124,Unsafe
712,93.38942369,168.4048881,71.07763166,7.790124933,Unsafe
713,76.0206664,384.2284758,60.88573559,7.765615406,Unsafe
714,67.65772798,287.9401271,62.30435769,7.556723852,Unsafe
715,58.84155732,167.4491387,40.08121754,8.475272115,Unsafe
716,140.1340802,448.4598952,57.98803165,6.779698589,Unsafe
717,126.2867171,167.3341683,78.7875245,6.849929659,Unsafe
718,145.1037675,358.5105687,98.45166663,6.197348507,Unsafe
719,27.40161129,445.1036776,90.82364962,7.106995341,Unsafe
720,112.3214465,221.7540313,41.41569788,6.652621316,Unsafe
721,141.367664,192.6748106,93.91363628,6.858466755,Unsafe
722,35.37262926,186.4154818,86.9919048,8.086429476,Unsafe
723,19.30947743,240.9825443,86.82256741,8.338711284,Unsafe
724,113.7568909,180.3137433,67.47974554,6.46433268,Unsafe
725,90.42623585,357.6484025,63.88031758,6.931272329,Unsafe
726,127.8560287,168.6875394,58.17494373,8.321576405,Unsafe
727,29.56813273,302.8266384,43.94169154,6.154521152,Unsafe
728,121.3374237,449.0090562,53.69412181,6.23090132,Unsafe
729,38.22782481,394.1910809,54.7962181,6.406977473,Unsafe
730,32.911832,334.5658315,69.04462418,7.488032085,Unsafe
731,32.99721171,241.8760862,84.8466644,6.376180678,Unsafe
732,124.0404608,337.1687509,68.4285897,8.420190954,Unsafe
733,103.1276109,308.1124392,43.47066697,7.116786318,Unsafe
734,83.22915947,277.8250152,97.46738806,7.253794901,Unsafe
735,60.23626778,189.213113,96.56345915,6.61664654,Unsafe
736,132.8080757,415.9812646,87.11137259,7.177400631,Unsafe
737,64.94231504,284.9353946,99.47967409,7.654784082,Unsafe
738,124.3239215,208.3867535,72.66893997,7.877942842,Unsafe
739,71.4788872,260.3278053,97.76610102,7.884670207,Unsafe
740,62.77222012,274.2389258,44.53630244,7.444727782,Unsafe
741,74.77516999,398.2613687,61.9408449,8.260899437,Unsafe
742,52.19290238,370.0843142,53.52287608,8.043519618,Unsafe
743,114.6653132,380.7914681,51.74998505,7.892620287,Unsafe
744,80.38085461,153.3093793,48.44817693,6.139013804,Unsafe
745,42.50977732,274.8461995,77.34481849,6.017194906,Unsafe
746,135.9404403,294.4032455,86.87931134,6.531118193,Unsafe
747,63.74477099,155.757683,74.69790397,7.658808985,Unsafe
748,86.09740056,227.9439626,48.81776258,7.027993722,Unsafe
749,136.9060955,378.0869469,88.6674262,7.006015648,Unsafe
750,97.39331943,191.1329117,78.15728243,8.211467221,Unsafe
751,26.3657257,310.5930394,63.28994237,8.23890712,Unsafe
752,141.5764973,214.5605616,80.44781773,8.27293816,Unsafe
753,97.87912743,153.6362324,55.59429875,6.784695191,Unsafe
754,56.88678605,222.3604373,60.71153251,7.727639532,Unsafe
755,29.49809017,442.7621265,95.04915059,6.679082953,Unsafe
756,121.1635265,390.4611336,57.43027034,6.476524583,Unsafe
757,96.81018583,437.8729933,68.19929609,6.461581143,Unsafe
758,84.68455288,296.3562132,93.40846824,6.855269052,Unsafe
759,135.1449616,182.9208596,82.46328102,7.074894049,Unsafe
760,120.4036096,314.3878467,43.73219357,8.077372928,Unsafe
761,31.23448316,286.3132004,48.83818266,6.299727734,Unsafe
762,53.64108949,403.3071248,40.47049545,7.837314618,Unsafe
763,44.78847957,179.4247742,77.85530741,7.328637285,Unsafe
764,114.152481,296.4723411,66.86040552,6.719863357,Unsafe
765,14.69454086,195.0145994,48.05649105,7.232048961,Safe
766,89.78455588,247.4027781,97.47604726,6.749855174,Unsafe
767,116.744216,371.2071232,71.77958344,7.490204888,Unsafe
768,132.7471891,292.8054388,54.51359765,7.084609807,Unsafe
769,57.89144482,262.7664855,70.03621427,6.411013823,Unsafe
770,124.9760227,268.3428836,80.77721996,6.291457686,Unsafe
771,25.48844317,287.8340305,44.57435308,7.366739205,Safe
772,128.5033208,385.5049632,56.4822289,8.256032583,Unsafe
773,27.84841273,417.6254067,88.41792945,6.859894216,Unsafe
774,65.62022068,436.600406,67.57989222,7.832500268,Unsafe
775,121.6213512,386.0710159,72.79462852,7.646653387,Unsafe
776,30.98843983,244.6220687,65.96896013,8.328887286,Safe
777,42.09519533,356.4404118,42.63399656,8.052452543,Unsafe
778,111.1153596,281.2809372,49.94498679,7.416513147,Unsafe
779,110.8051151,226.4011866,66.73249832,7.642576246,Unsafe
780,99.7606686,402.2614738,52.55112792,8.245966166,Unsafe
781,107.1527822,161.5279047,42.99874172,6.998796961,Unsafe
782,85.98142207,420.5285976,90.61897984,6.816986765,Unsafe
783,45.25186825,288.4432394,98.87155175,6.027027709,Unsafe
784,58.39743909,341.160443,87.58857244,8.066377685,Unsafe
785,35.42368035,347.8061767,91.2270953,8.002451751,Unsafe
786,137.1830786,418.5353222,54.51862782,6.261136295,Unsafe
787,91.67485127,341.0009047,97.63761853,7.442143453,Unsafe
788,66.11919835,334.1800754,51.81554227,7.159954245,Unsafe
789,74.68081251,169.9956122,97.08578862,6.296772739,Unsafe
790,142.6196675,305.5224066,99.68915764,8.451420568,Unsafe
791,31.46919644,195.0507002,82.70336834,6.536739719,Unsafe
792,92.07217648,371.2301306,98.86862391,6.16808545,Unsafe
793,80.82441504,303.6665762,74.17238677,7.487118449,Unsafe
794,95.60359296,354.0683338,55.57250699,7.847166693,Unsafe
795,12.53542573,162.5018702,66.21975314,6.081108615,Unsafe
796,132.0973473,175.4376048,75.61365612,7.646794097,Unsafe
797,140.4965595,364.8970164,44.38489372,7.33072969,Unsafe
798,89.1186457,171.6253008,77.34059588,6.258162522,Unsafe
799,107.5311153,171.3770183,98.87067021,6.431309692,Unsafe
800,139.1499134,153.6325426,51.40645899,7.419935743,Unsafe
801,109.0134088,436.9504195,87.55570698,6.740894034,Unsafe
802,31.35546601,371.2525078,94.47392763,8.345789322,Unsafe
803,90.68037042,255.9754226,96.62209557,8.046850574,Unsafe
804,94.94010649,238.9606744,97.60813626,8.458918016,Unsafe
805,69.37829398,254.9109689,71.28757832,6.649177097,Unsafe
806,113.102193,382.3960594,98.63847448,8.424309082,Unsafe
807,140.8113821,348.4111833,85.43861243,7.078084674,Unsafe
808,139.5795918,205.5586704,49.70028617,6.868796988,Unsafe
809,73.117512,202.2328006,68.61400639,6.125873817,Unsafe
810,25.85332642,179.5186949,83.09987052,6.131913145,Unsafe
811,147.8777679,348.0908159,54.84041895,7.73002814,Unsafe
812,127.4457321,379.3117987,78.43691101,7.144822486,Unsafe
813,27.45277537,229.5139285,79.99602874,6.566304065,Unsafe
814,138.9178636,156.2834883,49.76198463,7.534925766,Unsafe
815,131.7854907,174.6515002,73.90511875,6.632145296,Unsafe
816,82.637328,440.3580105,86.29761466,7.444079386,Unsafe
817,92.778561,238.6334332,69.93373987,6.898021867,Unsafe
818,65.86037854,380.7669444,40.72618701,8.058880567,Unsafe
819,17.66662944,337.3990707,40.54230814,8.051740402,Unsafe
820,56.92761383,264.5818919,61.42176064,7.193375995,Unsafe
821,122.3994828,211.7061787,95.57164411,6.877047773,Unsafe
822,10.64848322,186.4159254,53.72060678,6.906399491,Safe
823,56.68988404,334.5038904,78.06182133,8.014286314,Unsafe
824,65.7436171,382.3901342,53.32455224,6.820448707,Unsafe
825,85.23538441,343.1712761,59.30019938,6.522648434,Unsafe
826,138.7797863,309.09064,90.88252538,6.211720855,Unsafe
827,58.48843921,162.585367,83.73168654,7.166732802,Unsafe
828,58.57344827,440.5466333,45.72395664,7.205330247,Unsafe
829,113.2501747,389.6142575,65.72212126,8.102271776,Unsafe
830,73.31051172,237.846611,41.75018582,6.553096741,Unsafe
831,41.44467521,443.9910988,68.8534088,6.952478184,Unsafe
832,73.34153226,330.5644769,79.7460407,8.021014347,Unsafe
833,29.71998285,324.7267975,47.11015742,8.059059027,Unsafe
834,34.69417811,374.4219538,57.33309633,6.96152769,Unsafe
835,79.77148818,393.5309364,63.87019753,7.147810058,Unsafe
836,68.64956293,346.9435822,95.17186148,6.758214727,Unsafe
837,138.0784261,188.4287239,99.59530093,8.331387196,Unsafe
838,60.73514588,251.4802518,42.69467794,6.296609414,Unsafe
839,91.28236904,428.4250921,85.66047541,8.334373558,Unsafe
840,98.51700031,217.3846836,62.30344398,7.70966613,Unsafe
841,11.83322392,261.6501072,63.54749117,7.328930382,Safe
842,102.8952321,279.6230649,85.2558984,6.081647652,Unsafe
843,34.92503536,281.8214969,95.10558593,7.18899048,Unsafe
844,144.5498444,333.8818747,97.05571567,7.019370263,Unsafe
845,30.81278189,432.9227513,74.62735516,6.40304703,Unsafe
846,68.04737732,222.2078135,61.42726956,7.641024009,Unsafe
847,21.94895353,186.4504129,87.25294515,8.427877268,Unsafe
848,149.5623953,209.241147,55.060083,7.405472028,Unsafe
849,80.30730145,416.0774701,73.84444173,7.786883191,Unsafe
850,93.35390242,343.7432438,61.51470769,6.171126131,Unsafe
851,19.39070683,235.7720368,79.39786442,7.04416749,Unsafe
852,114.9944659,394.7840817,54.42393477,6.290896213,Unsafe
853,39.38678303,408.4109989,51.49557674,7.531989589,Unsafe
854,135.7276005,403.9543016,95.0943452,8.346205396,Unsafe
855,38.71954967,425.6779601,46.10822098,7.654444331,Unsafe
856,36.69628089,225.6723061,70.35747446,6.192007621,Unsafe
857,15.1169535,376.5125786,53.25116698,6.886665512,Unsafe
858,76.08937232,288.1618492,42.3357978,7.376658449,Unsafe
859,89.07775866,402.5995659,42.1611291,7.00801939,Unsafe
860,19.19920952,368.5472031,50.51330633,8.084110026,Unsafe
861,118.5738663,382.9342339,92.00622127,8.036677512,Unsafe
862,73.46043686,346.8485513,56.94872464,7.52957755,Unsafe
863,83.41463771,203.2286308,97.02755023,6.933644863,Unsafe
864,71.70678457,313.5080757,74.89733758,6.638340934,Unsafe
865,66.10682852,445.4009219,66.19685139,6.264685796,Unsafe
866,88.34964638,431.2164199,74.80533008,6.887244209,Unsafe
867,31.73363443,162.9521207,71.00190311,7.032931293,Safe
868,35.46993827,199.4444447,85.52657523,7.689557313,Unsafe
869,130.6499869,189.518632,56.94976396,7.645399561,Unsafe
870,142.4561647,367.793973,61.1830235,6.175270349,Unsafe
871,62.26330428,395.335599,93.64565815,6.988148289,Unsafe
872,47.90425424,214.0534099,96.78739079,6.454447168,Unsafe
873,100.1599361,301.7558079,93.55349365,6.392031763,Unsafe
874,67.22278395,402.2109084,65.16687964,8.068255374,Unsafe
875,13.55408979,369.8404634,86.82193018,6.104788042,Unsafe
876,31.86136363,312.6711616,68.580144,7.04795719,Unsafe
877,110.236112,327.1043071,69.85239113,6.420509139,Unsafe
878,102.2493519,302.5081641,52.28080654,8.198325539,Unsafe
879,13.79343895,239.2645354,75.4678182,7.392601283,Unsafe
880,41.07610267,319.5065979,51.16815387,6.578451591,Unsafe
881,42.35047152,356.6655906,59.89388194,7.256068218,Unsafe
882,104.0649841,411.9968748,91.3018121,7.828715899,Unsafe
883,12.75947529,340.8874062,52.42454855,8.395295022,Unsafe
884,24.57520148,378.3364611,44.26949711,6.551115011,Unsafe
885,121.988252,198.0214905,44.14045556,8.21545443,Unsafe
886,34.99625269,288.4672423,96.44707123,8.335760285,Unsafe
887,101.3844551,152.7994859,70.41522628,8.291051361,Unsafe
888,43.34558935,224.0036594,64.56472431,7.588535892,Safe
889,23.92179499,367.9385145,88.65271486,7.574551636,Unsafe
890,44.04410674,447.5429854,90.14955567,7.008026583,Unsafe
891,111.1173705,179.7534299,59.93146199,7.880994706,Unsafe
892,129.7975055,270.4482948,81.61708345,7.328235046,Unsafe
893,126.230781,390.0212906,86.26736895,7.693595178,Unsafe
894,65.60569415,211.2106904,79.27904121,7.07114476,Unsafe
895,103.5319191,316.5254848,49.09570449,7.82874116,Unsafe
896,38.69780136,369.9213888,92.55298501,8.061178794,Unsafe
897,51.04068224,334.7956351,72.34567316,6.366090642,Unsafe
898,135.4870146,206.4074204,56.94834558,8.082324289,Unsafe
899,11.82026929,256.6153706,65.51369113,7.350741329,Safe
900,21.97119432,385.1375353,42.25426542,8.111664773,Unsafe
901,39.10407572,316.2679542,47.67200807,7.078254266,Unsafe
902,13.71450854,151.5688841,85.93280503,6.947601213,Unsafe
903,35.40096091,378.297228,40.00069809,8.287651831,Unsafe
904,91.62581854,160.5934065,64.99394971,6.627923169,Unsafe
905,68.99943708,373.7201348,71.35061087,8.110530813,Unsafe
906,134.9740396,210.744168,43.2780652,7.210051431,Unsafe
907,124.4420986,437.422044,98.38468978,7.285238606,Unsafe
908,57.85442924,260.3822254,53.56751987,6.771170704,Unsafe
909,46.31928068,248.0794849,58.25192318,7.432605502,Safe
910,63.15693714,194.6664151,58.23655074,6.813027991,Unsafe
911,92.64129195,241.6812646,53.82499973,6.098173536,Unsafe
912,47.52890972,412.9952285,40.08842933,6.679996513,Unsafe
913,97.3808471,448.9003013,83.76068765,6.015947609,Unsafe
914,67.31763131,260.4928592,98.01072999,8.445886968,Unsafe
915,87.28660532,284.5831893,53.457609,8.414368025,Unsafe
916,71.05771408,366.6212815,79.78283151,6.987888244,Unsafe
917,51.22520634,415.8587341,84.51377962,7.820927136,Unsafe
918,142.783463,327.9133003,90.90552275,6.864515246,Unsafe
919,116.9048112,267.4577095,65.35775182,7.677732893,Unsafe
920,29.61584461,273.7865523,58.17585434,8.013575108,Safe
921,131.5855166,358.6854439,59.51770804,8.366890612,Unsafe
922,78.24036775,150.9654791,82.75727999,7.00053069,Unsafe
923,135.2373118,335.8768012,89.00676799,7.958244957,Unsafe
924,121.9797358,256.6479031,50.89683807,6.664821127,Unsafe
925,69.52989063,388.2591994,62.25646049,8.475830759,Unsafe
926,13.14570316,177.8971919,94.1164118,6.064423997,Unsafe
927,47.61483031,326.4606801,88.40161118,7.508822016,Unsafe
928,85.82879005,294.291867,99.09150417,7.648764954,Unsafe
929,98.68695078,342.6976578,85.25489558,7.720113893,Unsafe
930,46.10427596,169.4560783,63.59171206,6.300968947,Unsafe
931,29.50985037,323.9951362,75.43827004,8.346324459,Unsafe
932,126.8902332,318.4453764,79.66085525,6.452958198,Unsafe
933,147.8163053,318.1980283,44.70734898,7.556883508,Unsafe
934,83.59662552,331.0463,72.66981755,6.556690198,Unsafe
935,34.03510002,352.9403812,82.55924971,6.768041043,Unsafe
936,48.12302571,391.4966999,50.03927824,7.366146354,Unsafe
937,12.57469472,230.946216,86.83790305,7.042983546,Unsafe
938,138.0018329,397.5148231,75.02636683,6.400564002,Unsafe
939,26.4851516,299.4767047,97.13330714,6.427341006,Unsafe
940,90.71230657,173.1174837,42.54533789,7.04536197,Unsafe
941,48.3677309,167.5652788,55.91956825,7.893207446,Safe
942,87.58492035,250.2714956,76.09323276,8.244911617,Unsafe
943,101.1988544,385.4690931,57.79359473,6.210319156,Unsafe
944,126.1638525,362.3042804,82.86544984,6.982759769,Unsafe
945,38.89897805,386.5844894,85.54031695,6.250613909,Unsafe
946,11.53941601,305.1807169,46.15095784,6.041481202,Unsafe
947,29.16398821,282.0596994,70.83126785,7.654296707,Safe
948,136.0026099,194.235758,70.53343334,7.506123605,Unsafe
949,132.3446109,248.4578261,62.15684621,6.407547785,Unsafe
950,93.6378343,280.2058099,95.97549175,6.584532083,Unsafe
951,94.07236046,176.5801289,89.65037919,6.059269384,Unsafe
952,103.1051344,216.1835858,81.83256291,8.087368014,Unsafe
953,34.55197901,329.4675882,82.85959814,8.43672649,Unsafe
954,138.0176724,370.6989343,67.70296863,6.338648842,Unsafe
955,68.62787348,449.5042534,95.25967127,6.578688034,Unsafe
956,63.63939395,429.9339994,81.67572564,8.17102381,Unsafe
957,82.64847874,342.7695599,83.7388637,8.316159495,Unsafe
958,16.57523535,276.374416,91.70145423,7.049068457,Unsafe
959,33.27967163,340.8532094,56.44429536,6.126556181,Unsafe
960,113.3247063,385.6954854,88.42425423,6.098479584,Unsafe
961,21.59181351,185.5008573,51.71443618,7.434874665,Safe
962,94.44129533,272.9714669,60.72051713,6.982237772,Unsafe
963,44.34887536,401.9406857,60.13662726,6.071631069,Unsafe
964,64.50138597,265.1498856,98.7115281,7.458130981,Unsafe
965,50.41712315,321.5616814,91.39223342,6.028256341,Unsafe
966,59.79418031,326.3308083,82.0701917,7.968429895,Unsafe
967,110.6664267,205.3428759,83.6234057,6.766082057,Unsafe
968,51.59704019,258.6706325,73.72436766,6.100645008,Unsafe
969,89.29664964,250.3533866,96.82544003,7.470880552,Unsafe
970,76.64705631,157.8590126,69.77552517,6.994211036,Unsafe
971,102.9139632,157.2575292,62.83106259,8.434501033,Unsafe
972,141.1561635,399.5091131,49.78212022,7.360496656,Unsafe
973,112.5600936,231.921243,87.17233914,6.688097953,Unsafe
974,40.091653,305.4236299,84.06663592,7.773597162,Unsafe
975,14.36563891,239.6176721,63.06130231,6.678730006,Safe
976,46.7169662,432.2037735,41.51160484,8.260608229,Unsafe
977,93.3109103,227.7890277,90.33983966,6.936804926,Unsafe
978,17.19961389,278.8970438,40.68507901,7.374671407,Safe
979,79.49127461,411.8190751,82.22198678,6.12643276,Unsafe
980,93.55799885,402.58007,98.21542658,7.065303095,Unsafe
981,56.79414471,205.8304254,66.25967969,8.080908849,Unsafe
982,117.9277085,390.7929929,54.0984043,8.014122013,Unsafe
983,24.92375544,287.456066,82.2922606,6.560796397,Unsafe
984,20.51928944,294.8906616,89.02768852,6.565197678,Unsafe
985,111.9464259,190.0439917,72.78581896,8.043263281,Unsafe
986,79.36878427,174.1804541,98.02211652,8.32599605,Unsafe
987,106.3763355,368.3817921,43.1001233,6.238402303,Unsafe
988,70.8758274,298.9383457,70.2877359,7.125146599,Unsafe
989,44.49628465,281.0552108,83.10723684,6.843635697,Unsafe
990,124.6743245,368.8524686,91.75842827,8.176721139,Unsafe
991,121.9182231,379.6538697,50.75533671,6.208812287,Unsafe
992,107.2575059,197.6724503,88.00020891,6.527814856,Unsafe
993,48.10031921,333.0675448,73.16242454,7.881170844,Unsafe
994,92.63229336,190.6062247,63.79322092,6.128234622,Unsafe
995,60.53634557,375.4125258,47.90290171,7.231338452,Unsafe
996,22.82149027,347.0865469,91.91774553,7.105267587,Unsafe
997,138.4239006,436.9843863,49.43639249,6.836002947,Unsafe
998,29.15460833,170.6874049,58.58727155,6.986430788,Safe
999,143.0332295,167.1164163,57.40273192,7.324851467,Unsafe
1000,72.44080821,234.6561224,92.28484205,6.403418396,Unsafe
